drug,class,source
metformin,oral,DailyMed setid 014f2a32-8440-4d0c-8f5d-c4b3a49e0dec (metformin hydrochloride tablet)
glipizide,oral,DailyMed setid eed99b60-d043-4249-9b2a-f05e46fb588d (Glucotrol XL glipizide tablet)
glucotrol,oral,DailyMed setid eed99b60-d043-4249-9b2a-f05e46fb588d (Glucotrol XL glipizide tablet)
glimepiride,oral,DailyMed setid c994796e-dd3d-4f40-a8f2-d317f55e34d5 (glimepiride tablet)
sitagliptin,oral,DailyMed setid 1b03c82f-b52e-4092-b9dc-f2c9b0d6ab40 (Januvia sitagliptin tablet)
januvia,oral,DailyMed setid 1b03c82f-b52e-4092-b9dc-f2c9b0d6ab40 (Januvia sitagliptin tablet)
empagliflozin,oral,DailyMed setid 59ed43d9-b4e0-72a2-e063-6394a90a327d (Jardiance empagliflozin tablet)
jardiance,oral,DailyMed setid 59ed43d9-b4e0-72a2-e063-6394a90a327d (Jardiance empagliflozin tablet)
pioglitazone,oral,DailyMed setid d2ddc491-88a9-4063-9150-443b4fa4330c (Actos pioglitazone tablet)
actos,oral,DailyMed setid d2ddc491-88a9-4063-9150-443b4fa4330c (Actos pioglitazone tablet)
insulin,insulin,Z79.4 title covers every insulin; e.g. DailyMed setid d5e07a0c-7e14-4756-9152-9fea485d654a (Lantus insulin glargine injection)
lantus,insulin,DailyMed setid d5e07a0c-7e14-4756-9152-9fea485d654a (Lantus insulin glargine injection)
humalog,insulin,DailyMed setid b34cd3ff-d0af-4852-b4ef-2a8b4a93aeae (Humalog insulin lispro injection)
novolog,insulin,DailyMed setid 66da64f7-ca50-47d2-95fa-de37005eef85 (NovoLog insulin aspart injection)
humulin,insulin,DailyMed setid f6edd793-440b-40c2-96b5-c16133b7a921 (Humulin N insulin human injection)
liraglutide,injectable_non_insulin,DailyMed setid 5a9ef4ea-c76a-4d34-a604-27c5b505f5a4 (Victoza liraglutide injection)
victoza,injectable_non_insulin,DailyMed setid 5a9ef4ea-c76a-4d34-a604-27c5b505f5a4 (Victoza liraglutide injection)
dulaglutide,injectable_non_insulin,DailyMed setid 463050bd-2b1c-40f5-b3c3-0a04bb433309 (Trulicity dulaglutide injection)
trulicity,injectable_non_insulin,DailyMed setid 463050bd-2b1c-40f5-b3c3-0a04bb433309 (Trulicity dulaglutide injection)
tirzepatide,injectable_non_insulin,DailyMed setid d2d7da5d-ad07-4228-955f-cf7e355c8cc0 (Mounjaro tirzepatide injection)
mounjaro,injectable_non_insulin,DailyMed setid d2d7da5d-ad07-4228-955f-cf7e355c8cc0 (Mounjaro tirzepatide injection)
exenatide,injectable_non_insulin,DailyMed setid 53d03c03-ebf7-418d-88a8-533eabd2ee4f (Byetta exenatide injection)
byetta,injectable_non_insulin,DailyMed setid 53d03c03-ebf7-418d-88a8-533eabd2ee4f (Byetta exenatide injection)
